<WELLCONSTRUCTION>,,,,
Bore,Depth_top_C,Depth_bot_C,Diam_in,Cons_Type
A. Isaac,-2,105,6,Steel
A. Isaac,6,135,4.5,PVC
A. Isaac,135,155,4.5,Screen-PVC
A. Isaac,155,435,4.5,PVC
A. Isaac,435,515,4.5,Screen-PVC
A. Woodbridge,-1,435,6.6,Steel
A. Woodbridge,435,440,5,Screen-SS
A.D. Watkins,2,21,16,Steel
A.D. Watkins,2.5,295,10,Steel
A.D. Watkins,295,795,10,Open
A.L. Clark; 1,0,60,3,Steel
A.T. Noble,0,430,6,Steel
AL Cattle Co. (600ft),-1,395,6,Steel
AL Cattle Co. (600ft),-1,520,5,Steel
AL Cattle Co. (600ft),520,600,6,Open
Ark Properties,-2,602,16,Steel
Ark Properties,602,612,10,Screen-SS
Ark Properties,612,638,10,Steel
Ark Properties,638,678,10,Screen-SS
Ark Properties,678,690,10,Steel
Ark Properties,690,750,10,Screen-SS
Ark Properties,750,762,10,Steel
Ark Properties,762,772,10,Screen-SS
Ark Properties,772,792,10,Steel
Ark Properties,792,795,10,Screen-SS
B. Buckner,-1,559,6,Steel
B. Buckner,564,574,5,Screen-SS
B. Buckner,574,595,5,Steel
B. Buckner,595,605,5,Screen-SS
B. Weatherby,-1,18,8,Steel
B. Weatherby,18,310,8,Open
Beacon Heights LLC,19,949,2,PVC
Beacon Heights LLC,929,949,2,Screen-PVC
Big D Ranch Inc,-1,100,20,Steel
Big D Ranch Inc,100,109,18,Steel
Big D Ranch Inc,1040,1120,8,Perforations-steel
Black Canyon Ptnrs T2,-2,57,6,Steel
Black Canyon Ptnrs T2,57,500,6,Open
Bogus Basin Lot Dev,-2,55,8,Steel
Bogus Basin Lot Dev,-2,512,6,Steel
Bogus Basin Lot Dev,488,491,5.6,Steel
Bogus Basin Lot Dev,491,520,5,Steel
Bogus Basin Lot Dev,520,540,5,Perforations-steel
Bogus Basin Lot Dev,540,560,5,Steel
Bogus Basin Lot Dev,560,580,5,Perforations-steel
Bogus Basin Lot Dev,580,600,5,Steel
Bogus Basin Lot Dev,600,620,5,Perforations-steel
Bogus Basin Lot Dev,620,760,5,Steel
Bond Campbell Const,-2,564,6,Steel
C. Michelson,-2,78,6,Steel
C. Rohn,-1.5,1081.5,6,Steel
C. Surmeier,1,138,8,Steel
C. Zeyes,-1.5,158.5,6,Steel
C. Zeyes,158.5,218,6,Open
C.A. Moore,-1,106,6,Steel
C.L. Post,-2,398,8,Steel
CanyonCo; Clbtn Pk,-2,54.5,6,Steel
CanyonCo; Clbtn Pk,54.5,60,6,Open
City Boise Dixie Drn,-2,158,8,Steel
City Boise Dixie Drn,155,160,6,Steel
City Boise Dixie Drn,160,170,6,Screen-SS
City Boise PWD,-2,118,20,Steel
City Boise PWD,450,540,12,Steel
City Boise PWD,540,600,12,Perforations-steel
City Nampa Roosevelt,-3,186,20,Steel
City Nampa Roosevelt,166,188,16,Steel
City Nampa Roosevelt,188,200,16,Screen-SS
City Nampa Roosevelt,200,213,16,Steel
City Nampa Roosevelt,213,219,16,Screen-SS
City Nampa Roosevelt,219,292,16,Steel
City Nampa Roosevelt,292,312,16,Screen-SS
City Nampa Roosevelt,312,341,16,Steel
City Nampa Roosevelt,341,349,16,Screen-SS
City Nampa Roosevelt,349,367,16,Steel
City Nampa Roosevelt,367,377,16,Screen-SS
City Nampa; well 3,-1.5,411,1.25,PVC
City of Adrian,0,38,14,Steel
City of Adrian,0,40,10,Steel
City of Greenleaf,-2,458,10,Steel
City of Greenleaf,458,488,10,Screen-SS
City of Wilder; 3,-3,200,16,Steel
City of Wilder; 3,190,203,10,Steel
City of Wilder; 3,203,214,10,Screen-SS
City of Wilder; 3,214,239,10,Steel
City of Wilder; 3,239,249,10,Screen-SS
City of Wilder; 3,249,286,10,Steel
City of Wilder; 3,286,295,10,Screen-SS
City of Wilder; 4,-3,258,16,Steel
City of Wilder; 4,258,288,16,Screen-SS
City of Wilder; 4,288,387,16,Steel
City of Wilder; 4,387,397,16,Screen-SS
D Phillips Embssy Inc,-2,238,16,Steel
D Phillips Embssy Inc,238,258,16,Screen-SS
D Phillips Embssy Inc,258,263,16,Steel
D Phillips Embssy Inc,263,323,16,Screen-SS
D Phillips Embssy Inc,323,328,16,Steel
D. Brant,0,392,6,Steel
D. Gerstenslager,-1,318,6,Steel
D. Gerstenslager,320,330,5,Screen-SS
D. Hansen,-2,324,16,Steel
D. Hansen,324,354,16,Screen-SS
D. Hansen,354,368,16,Steel
D. Hansen,368,388,16,Screen-SS
D. Hansen,388,416,16,Steel
D. Hansen,416,451,16,Screen-SS
D. Holbrook,-2,343,6,Steel
D. Last,-2,401,12.75,Steel
D. Last,0,18,16,Steel
D. Last,294,395,12.75,Perforations-steel
D. Madthson,-2,357,6,Steel
D. McDonald,-1.5,109,6,Steel
D. Roberts,-2,59,6,Steel
D. Roberts,-1,18,10,Steel
D. Roberts,10,390,4.5,PVC
D. Roberts,390,490,4.5,Screen-PVC
D. Smitchger,-1.5,188,6,Steel
D. Van Es,-2,1010,8,Steel
D. Van Es,994,1035,6,Steel
D. Van Es,1035,1055,6,Screen-SS
D. Whitlow,-1.5,60,6,Steel
D. Yamamoto,-3,295,16,Steel
D. Yamamoto,295,315,16,Screen-SS
D. Yamamoto,315,337,16,Steel
D. Yamamoto,337,377,16,Screen-SS
D. Yamamoto,377,405,16,Steel
D. Yamamoto,405,445,16,Screen-SS
D. Yanke,-1.5,255,6.6,Steel
D. Yanke,5,330,4.5,PVC
D. Yanke,330,365,4.5,Screen-PVC
D. Yanke,365,375,4.5,PVC
D.G. Gibson,-2,368,12,Steel
D.G. Gibson,368,378,12,Screen-SS
D.G. Gibson,378,395,12,Steel
D.G. Gibson,395,415,12,Screen-SS
D.G. Gibson,415,435,12,Steel
D.G. Gibson,435,475,12,Screen-SS
D.G. Gibson,475,483,12,Steel
D.G. Gibson,483,523,12,Screen-SS
D.K. Payne,550,773,12,Perforations-steel
D.K. Payne,748,1098,10,Perforations-steel
D.K. Payne,861,1168,8,Perforations-steel
D.M. Baker,-1,1128,12,Steel
D.M. Baker,720,1120,12,Perforations-steel
Delmonte Meat Co.,-2,40,6,Steel
Delmonte Meat Co.,5,85,4.5,PVC
Delmonte Meat Co.,85,385,4.5,Screen-PVC
Delmonte Meat Co.,385,402,4.5,PVC
E. Good,0,856,6,Steel
E.R. Allen,0,27,12,Steel
E.R. Allen,27,300,12,Open
E.T. Evans; 1,-1,125,16,Steel
E.T. Evans; 1,125,350,16,Open
E.T. Evans; 2,-1.5,47,14,Steel
E.T. Evans; 2,44,49,10,Steel
E.T. Evans; 2,49,54,10,Screen-SS
E.T. Evans; 2,54,72,10,Steel
E.T. Evans; 2,72,76,10,Screen-SS
E.T. Evans; 2,76,90,10,Steel
E.T. Evans; 2,90,95,10,Screen-SS
E.T. Evans; 2,95,105,10,Steel
Emmett City Well No. 2,728,850,12.75,Perforations-steel
Emmett City Well No. 2,728.6,850.8,12.75,Steel
Emmett City Well No. 2,812.3,973.2,8.625,Steel
Emmett City Well No. 2,844,904,8.625,Perforations-steel
Emmett City Well No. 2,935,955,8.625,Perforations-steel
Emmett City Well No. 2,944.2,983.8,6.625,PVC
Emmett City Well No. 2,983.8,1265.3,6.625,Steel
Emmett ISD;,-3,285,18,Steel
Emmett ISD;,260,290,10,Steel
Emmett ISD;,290,440,10,Screen-SS
Emmett ISD;,440,450,10,Steel
Ewing Co. / MATES,-0.5,34.5,10.6,Steel
Ewing Co. / MATES,1.3,660,6.6,Steel
Ewing Co. / MATES,660,680,6.6,Perforations-steel
Ewing Co. / MATES,680,760,6.6,Steel
Ewing Co. / MATES,760,780,6.6,Perforations-steel
Ewing Co. / MATES,780,800,6.6,Steel
F. Bonessa,-1.8,124.6,8.6,Steel
F. Bonessa,1,410,6.6,PVC
F. Bonessa,410,550,6.6,Perforations-PVC
F. Bonessa,514,560.2,5.5,Steel
F. Bonessa,550,551,6.6,PVC
F. Bonessa,560.2,570.5,5.5,Screen-SS
F. Bonessa,560.2,581,4.5,Perforations-steel
F. Bonessa,570.5,629.7,5.5,Steel
Farm Dev Corp,-1,38,8.6,Steel
Frisby Land Holdings,-2,380,16,Steel
Frisby Land Holdings,0,22,24,Steel
Frisby Land Holdings,369,384,10,Steel
Frisby Land Holdings,384,414,10,Screen-SS
Frisby Land Holdings,414,427,10,Steel
Frisby Land Holdings,427,457,10,Screen-SS
Frisby Land Holdings,457,481,10,Steel
Frisby Land Holdings,481,491,10,Screen-SS
Frisby Land Holdings,491,491,10,Steel
Frisby Land Holdings,518,518,10,Screen-SS
Frisby Land Holdings,538,538,10,Steel
Frisby Land Holdings,552,552,10,Screen-SS
Frisby Land Holdings,572,572,10,Steel
Frisby Land Holdings,600,630,10,Screen-SS
G. Sill,-1,134,6,Steel
G. Sill,131,137,5,Steel
G. Sill,137,147,5,Screen-SS
G. Sill,147,149,5,Steel
G.J. Cunningham,728,850,12.25,Perforations-steel
G.J. Cunningham,728.6,850.8,12.25,Steel
G.J. Cunningham,812.3,973.2,8.125,Steel
G.J. Cunningham,844,904,8.125,Perforations-steel
G.J. Cunningham,935,955,8.125,Perforations-steel
G.J. Cunningham,944.2,983.8,6.1,PVC
G.J. Cunningham,983.8,1265.3,6.1,Steel
G.L. Schwisow,-2,838,10,Steel
Good and Wilson,-1,404,16,Steel
Good and Wilson,-1,413,12,Steel
Good and Wilson,413,433,12,Screen-other
Good and Wilson,433,459,12,Steel
Good and Wilson,459,469,12,Screen-other
Good and Wilson,469,479,12,Steel
Good and Wilson,479,489,12,Screen-other
Good and Wilson,489,600,12,Steel
H. Montierth; 2,-1,129,16,Steel
H. Montierth; 2,330,385,12,Steel
H. Montierth; 2,350,370,12,Perforations-steel
H. Raff,-1,110,6.6,Steel
H. Raff,110,115,6.6,Perforations-steel
H. Raff,115,399,6.6,Steel
H.M. Charters,0,9,20,Steel
H.M. Charters,20,370,20,Open
Hillsdale Estates HOA,-2,398,16,Steel
Hillsdale Estates HOA,398,575,12,Steel
Hillsdale Estates HOA,575,655,10,Screen-SS
Idaho Power; 1,-2,100,8,Steel
Idaho Power; 1,5,52,14,Steel
Idaho Power; 1,100,120,8,Screen-SS
Idaho Power; Nampa,-2,182,6,Steel
Idaho Power; Nampa,-2,184.7,12,Steel
Idaho Power; Nampa,182,192,6,Screen-SS
Idaho Power; Nampa,184.7,192.7,10,Steel
Idaho Power; Nampa,192.7,208.5,10,Screen-SS
Idaho Power; Nampa,208.5,213.5,8,Screen-SS
Idaho Power; Nampa,213.5,215.2,10,Steel
IDFG; Nampa Htchry 1,-2,25,8,Steel
IDFG; Nampa Htchry 1,25,85,8,Open
IDFG; Nampa Htchry 2,-2,22,16,Steel
IDFG; Nampa Htchry 2,22,164,16,Open
Initial Butte Farms,0,13.8,8,Steel
Initial Butte Farms,13.8,550,8,Open
ISCI; Test 3-B,-2,42,10,Steel
ISCI; Test 3-B,-1,7.5,20,Steel
ISTD; Blacks Crk RA,-2,5.5,10,Steel
ISTD; Blacks Crk RA,5.5,807.5,8,Steel
ISTD; Blacks Crk RA,807.5,810,6,Steel
ISTD; Blacks Crk RA,810,830,6,Screen-SS
ISTD; Blacks Crk RA,855,945,6,Screen-SS
ISTD; E Boise POE,-2,865,8,Steel
ISTD; E Boise POE,843.5,863.5,6,Steel
ISTD; E Boise POE,863.5,894,6,Screen-SS
ISTD; E Boise POE,894,904,6,Steel
ISTD; Well No.1,0,140,16,Steel
ISTD; Well No.1,30,50,16,Perforations-steel
J. (G.) Johnson,-1,200,6,Steel
J. (G.) Johnson,-1,300,5,Steel
J. (G.) Johnson,270,290,4,PVC
J. (G.) Johnson,290,350,4,Perforations-PVC
J. Bertallotto,-3,57,6,Steel
J. Bertallotto,57,800,6,Open
J. Dahle,1,260,8,Steel
J. Hitch,-1,59,6,Steel
J. Kelly,-1,99,6,Steel
J. Post,-2,38,10,Steel
J. Post,-2,700,8,Steel
J. Post,648,848,6,Steel
J. Post,840,940,5,Steel
J. VanBeek,-1.5,467,8,Steel
J. Watts,-2,217,6,Steel
J. Watts,217,585,6,Open
J. Zrofsky,-2,178,6,Steel
J. Zrofsky,160,280,4.5,Screen-PVC
J.B. Barnes; 1,0,1174,6,Steel
J.B. Barnes; 1,919,1174,6,Perforations-steel
J.B. Barnes; 2,0,54,10.5,Steel
J.B. Barnes; 2,0,1629,6.25,Steel
J.B. Barnes; 2,1479,1629,6.25,Perforations-steel
J.B. Toledo,-2,498,6,Steel
J.B. Toledo,-1,25,8,Steel
J.B. Toledo,500,510,5,Screen-SS
J.D. Davis,-1,18,20,Steel
J.D. Davis,18,90,20,Open
J.D. Davis,90,391,16,Open
J.D. Davis,391,591,12,Open
J.L. Tlucek,-2,235,16,Steel
J.L. Tlucek,190,204,14,Steel
J.L. Tlucek,204,276,14,Perforations-steel
J.L. Tlucek,276,296,14,Steel
J.R. Frerichs,-1,138,12,Steel
J.R. Simplot Co 3,0,60,26,Steel
J.R. Simplot Co 3,0,395,12,Steel
J.R. Simplot Co 3,0,600,20,Steel
J.R. Simplot Co 3,395,941,8,Steel
J.R. Simplot Co; 1,-1,1083,12.75,Steel
J.R. Simplot Co; 1,0,30,22,Steel
J.R. Simplot Co; 1,0,548,16,Steel
J.R. Simplot Co; 1,1025,1095,10.75,Screen-SS
J.R. Simplot Co; 1,1043,1083,12.75,Perforations-steel
J.W. Smith,-1,521,6,Steel
J.W. Smith,517,522,5,Steel
J.W. Smith,522,532,5,Screen-SS
J.W. Smith,533,543,5,Screen-SS
J.W. Smith,543,545,5,Steel
K. Blough,-2,480,6,Steel
K. Blough,60,470,6,Perforations-steel
K. Johnson,-1,21,6,Steel
K. Kramer,-1.2,687,6,Steel
L. Grassl,1.25,146,6,Steel
L. Gray,-1.5,347,6,Steel
L. Gray,336,349,5,Steel
L. Gray,349,353,5,Screen-SS
L. Gray,353,360,6,Steel
L. Hult,0,615,16,Steel
L. Hult,615,816,16,Perforations-steel
L. Urey,-1,79,6,Steel
L.E. Costello,-1.6,610,6,Steel
L.G. Davison,-2,50,6,Steel
L.G. Davison,16,296,4.5,PVC
L.G. Davison,296,416,4.5,Screen-PVC
Lincoln test (BWC),-1.6,139,6,Steel
Lincoln test (BWC),-1.6,500,4.5,Steel
Lincoln test (BWC),-1,88,8,Steel
Lincoln test (BWC),215,440,4.5,Perforations-steel
Lord Ranch,-2,298,6.6,Steel
M and C Stanley,-2,54,6,Steel
M Simmons; Leilani T1,-2,9,12,Steel
M. Baker,2,58,6.6,Steel
M. Coombs,-3,350,12,Steel
M. Coombs,350,490,12,Screen-SS
M. Hansen,-2,485,6,Steel
M. Hansen,440,500,5,Perforations-steel
M. Hansen,500,800,5,Steel
M. Holliday,0,600,16,Steel
M. Preston,-1.5,5,8,Steel
M. Preston,-1,580,5,PVC
M. Preston,580,680,5,Screen-PVC
M. Siron,-2,557,6,Steel
M. Steiner,-2,58,6,Steel
M. Steiner,22,142,4.5,PVC
M. Steiner,142,242,4.5,Perforations-PVC
M.A. Swayne,0,60,8,Steel
M.S. Tracy,-1,23,8,Steel
M.S. Tracy,23,603,8,PVC
M.S. Tracy,603,803,8,Perforations-PVC
Micron; No.3,0,40,20,Steel
Micron; No.3,0,600,16,Steel
Micron; No.3,600,995,16,Screen-SS
Micron; No.6,-2,700,16,Steel
Micron; No.6,0,252,20,Steel
Micron; No.6,690,695,10,Steel
Micron; No.6,695,700,10,Screen-SS
Micron; No.6,700,710,10,Steel
Micron; No.6,710,725,10,Screen-SS
Micron; No.6,725,756,10,Steel
Micron; No.6,756,796,10,Screen-SS
Micron; No.6,796,816,10,Steel
Micron; No.6,816,886,10,Screen-SS
Micron; No.6,886,905,10,Steel
Micron; No.6,905,955,10,Screen-SS
Micron; No.6,955,970,10,Steel
Micron; No.6,970,980,10,Screen-SS
Micron; No.6,980,990,10,Steel
Micron; No.6,990,1000,10,Screen-SS
Micron; No.6,1000,1020,10,Steel
Micron; No.6,1020,1035,10,Screen-SS
Micron; No.6,1035,1042,10,Steel
Micron; No.6,1042,1072,10,Screen-SS
Micron; No.6,1072,1092,10,Steel
Micron; No.7,-2,686,16,Steel
Micron; No.7,2,21,20,Steel
Micron; No.7,660,683,10,Steel
Micron; No.7,683,738,10,Screen-SS
Micron; No.7,738,760,10,Steel
Micron; No.7,760,780,10,Screen-SS
Micron; No.7,780,792,10,Steel
Micron; No.7,792,827,10,Screen-SS
Micron; No.7,827,850,10,Steel
Micron; No.7,850,870,10,Screen-SS
Micron; No.7,870,885,10,Steel
Micron; No.7,885,915,10,Screen-SS
Micron; No.7,915,935,10,Steel
Micron; No.7,935,975,10,Screen-SS
Micron; No.7,975,995,10,Steel
Mountain West Bank,-3,1068,6,Steel
Mountain West Bank,-2,691,8,Steel
Mountain West Bank,1030,1097,5,Steel
Mountain West Bank,1097,1117,5,Screen-SS
Nevid LLC; Monitor,-1,210,8,Steel
Nevid LLC; Monitor,-1,418,5,PVC
Nevid LLC; Monitor,418,538,5,Screen-PVC
Nevid LLC; Prod 1,-2,822,16,Steel
Nevid LLC; Prod 1,0,222,20,Steel
Nevid LLC; Prod 1,890,1090,10,Screen-SS
New Beginning Homes,-1.5,340,6,Steel
New Beginning Homes,340,345,5,Screen-SS
North Board Control,2,59,6,Steel
North Board Control,59,66,6,Perforations-steel
North Board Control,66,67,6,Steel
NW Pipeline Corp,1,61,12,Steel
NW Pipeline Corp,61,516,15,Open
P. Dater,-2,150,6,Steel
P. Dater,150,225,6,Open
P. Smith,-1.5,158.5,6,Steel
P. Stringham,-2,140,6,Steel
P. Stringham,140,160,6,Perforations-steel
P.E. Abbott,-1,90,6,Steel
P.E. Batt,-1.5,94,16,Steel
P.E. Batt,94,114,16,Screen-SS
P.E. Batt,114,304,16,Steel
P.E. Batt,304,324,16,Screen-SS
P.E. Batt,324,463,16,Steel
P.E. Batt,463,483,16,Screen-SS
P.E. Batt,483,503,16,Steel
P.E. Batt,503,573,16,Open
Pacific W Land TW 1,-2,295,10,Steel
Pacific W Land TW 1,-2,575,2,PVC
Pacific W Land TW 1,-2,732,2,PVC
Pacific W Land TW 1,-2,932,2,PVC
Pacific W Land TW 1,0,19,16,Steel
Pacific W Land TW 1,0,110,12,Steel
Pacific W Land TW 1,575,645,2,Perforations-PVC
Pacific W Land TW 1,732,822,2,Perforations-PVC
Pacific W Land TW 1,932,1052,2,Perforations-PVC
Prindle and Prindle,-2,124,6,Steel
Prindle and Prindle,103,223,4.5,PVC
Prindle and Prindle,223,263,4.5,Screen-PVC
R. Beaver,-2,350,8,Steel
R. Beaver,340,1100,6,Steel
R. Beaver,900,1100,6,Perforations-steel
R. Davenport,-1,40,6,Steel
R. Davenport,265,275,5,Steel
R. Davenport,275,276,5,Perforations-steel
R. Davenport,276,305,5,Steel
R. Deshazo,0,36.5,20,Steel
R. Deshazo,36.5,397,20,Open
R. Green,-1,272,6,Steel
R. Green,272,277,5,Steel
R. Green,277,287,5,Screen-SS
R. Green,287,289,5,Steel
R. Jenkins,-2,58,6,Steel
R. Jenkins,58,320,6,Open
R. Judy,-5,18,8,Steel
R. Kelly,-1,99,8,Steel
R. Kelly,2,1184,4.5,PVC
R. Kelly,205,245,4.5,Perforations-PVC
R. Kelly,265,285,4.5,Perforations-PVC
R. Kelly,380,400,4.5,Perforations-PVC
R. Kelly,500,520,4.5,Perforations-PVC
R. Kelly,620,640,4.5,Perforations-PVC
R. Kelly,700,720,4.5,Perforations-PVC
R. Kelly,800,820,4.5,Perforations-PVC
R. Kelly,920,940,4.5,Perforations-PVC
R. Kelly,1040,1080,4.5,Perforations-PVC
R. Kelly,1120,1140,4.5,Perforations-PVC
R. Kelly,1160,1180,4.5,Perforations-PVC
R. Lewis,-2,38,6,Steel
R. Millington,-1,575,6,Steel
R. Millington,0,80,8,Steel
R. Monteirth,0,39,26,Steel
R. Monteirth,1,284,20,Steel
R. Monteirth,270,350,16,Steel
R. Monteirth,350,510,16,Screen-SS
R. Monteirth,510,535,16,Steel
R. Monteirth,535,575,16,Screen-SS
R. Smith,-1,999.9,20,Steel
R. Smith,465,704,16,Perforations-steel
R. Smith,749,848,12,Steel
R. Smith,877,1077,10,Steel
R. Smith,897,1067,10,Perforations-steel
R.J. Brown,-1.5,20,30,Steel
R.J. Brown,18,334,16,Steel
R.J. Brown,334,344,12,Screen-SS
R.J. Brown,344,364,12,Steel
R.J. Brown,364,384,12,Screen-SS
R.J. Brown,384,391,12,Steel
R.J. Brown,391,401,12,Screen-SS
R.J. Brown,401,416,12,Steel
R.J. Brown,416,434,12,Perforations-steel
R.J. Brown,434,464,12,Steel
R.J. Brown,464,474,12,Perforations-steel
R.J. Brown,474,574,12,Steel
R.J. Brown,574,604,12,Perforations-steel
Range Ctr O and M,-2,118,12,Steel
Range Ctr O and M,-2,851,8,Steel
Range Ctr O and M,851,963,8,Open
S. Brown,-2,140,6,Steel
S. Rosti,1.5,280,6,Steel
S. Rosti,275,290,5,Steel
S. Rosti,290,300,5,Screen-SS
S. Rosti,300,309,5,Steel
S. Rosti,309,324,5,Screen-SS
S. Ver Hagen,1,540,6,Steel
S. Ver Hagen,540,1005,6,Open
S. Whitney,-2,458,6,Steel
S. Whitney,432,460,5,Steel
S. Whitney,460,493,5,Perforations-steel
St ID Cap Bldg bsmt,0,389,8,Steel
St ID Cap Bldg bsmt,289,786,6,Steel
St ID Dept. of Corr.,-2,495,12,Steel
St ID Dept. of Corr.,495,525,12,Screen-SS
St ID Dept. of Corr.,525,538,12,Steel
St ID Dept. of Corr.,538,558,12,Screen-SS
St ID Dept. of Corr.,558,568,12,Steel
St ID Dept. of Corr.,568,588,12,Screen-SS
St ID Military div,-2,705,10,Steel
St ID Military div,-1,115,14,Steel
St ID Military div,685,735,6,Steel
St ID Military div,735,755,6,Screen-SS
St ID SRV Rest Area,-1.5,190.5,8,Steel
St ID SRV Rest Area,3,30,12,Steel
St ID SRV Rest Area,3,191,10,Steel
St ID SRV Rest Area,187.7,194,6,Steel
St ID SRV Rest Area,194,199.3,6,Screen-SS
St ID SRV Rest Area,199.3,212,6,Steel
St ID SRV Rest Area,212,222.3,6,Screen-SS
St ID SRV Rest Area,222.3,232,6,Steel
Status Co Summerwind,-2,632,10,Steel
Status Co Summerwind,632,682,10,Screen-SS
Status Co Summerwind,682,695,10,Steel
Status Co Summerwind,695,702,10,Screen-SS
SUNCOR; 1,-1,255,8,Steel
SUNCOR; 1,0,60,10,Steel
SUNCOR; 1,235,255,6,Steel
SUNCOR; 1,255,295,6,Screen-SS
SUNCOR; 1,295,305,6,Steel
SUNCOR; 2,-2,600,8,Steel
SUNCOR; 2,580,600,6,Steel
SUNCOR; 2,600,630,6,Screen-SS
SUNCOR; 2,630,640,6,Screen-SS
SW Hillcrest,0,135,27,Steel
SW Hillcrest,0,536,15,Steel
SW Hillcrest,570,590,12,Screen-SS
SW Hillcrest,690,700,12,Screen-SS
SW Hillcrest,775,790,12,Screen-SS
SW Hillcrest,935,945,12,Screen-SS
SW Hillcrest,965,975,12,Screen-SS
Swan Falls Farms,-1.5,19.5,12.75,Steel
Swan Falls Farms,19.5,590,10,Open
Symms Fruit Ranch,-2,160,16,Steel
Symms Fruit Ranch,-1.5,189,5,Steel
Symms Fruit Ranch,160,200,16,Screen-SS
Symms Fruit Ranch,189,199,5,Screen-SS
Symms Fruit Ranch,199,214,5,Steel
Symms Fruit Ranch,200,330,16,Steel
Symms Fruit Ranch,330,400,16,Screen-SS
Symms Fruit Ranch,400,412,16,Steel
T. Young,-2,255,6,Steel
T. Young,256,261,5,Screen-SS
T.S. Jones,2.5,266,12,Steel
T.S. Jones,3,266,8,Steel
T.S. Jones,249,265,6,Steel
T.S. Jones,272,312,6,Screen-SS
T.S. Jones,316,376,6,Screen-SS
T.S. Jones,378,398,6,Screen-SS
T.S. Jones,398,401,6,Steel
Takasugi Seed Farms,-2,461,16,Steel
Takasugi Seed Farms,461,481,16,Screen-SS
Takasugi Seed Farms,481,488,16,Steel
Takasugi Seed Farms,488,498,16,Screen-SS
Takasugi Seed Farms,498,518,16,Steel
Takasugi Seed Farms,518,598,16,Screen-SS
TV 11th Ave N,-2,58,6,Steel
TV 1505 Blackcat,0,183,6,Steel
TV 1505 Blackcat,183,188,6,Screen-other
TV 59Th St,0,237,6,Steel
TV Amber St,0,348,4,Steel
TV Amity-Linder,-1,202,6,Steel
TV Birmingham Rd,-1.5,415,6,Steel
TV Birmingham Rd,-0.5,33,8,Steel
TV Bixler,-1,31,6,Steel
TV Bixler,31,67,6,Open
TV Black Cat Kuna,-1,145,6,Steel
TV Black Cat Kuna,145,220,6,Open
TV Boehlke,0,116,6,Steel
TV Boise Gun Club,-1.5,487,8,Steel
TV Boise Gun Club,484,504,7,Perforations-steel
TV Bunch-Kirkwood,-1,115,6,Steel
TV Bunch-Kirkwood,112,117,5,Steel
TV Bunch-Kirkwood,117,122,5,Screen-SS
TV Bunch-Kirkwood,122,125,5,Steel
TV Camas St,-1,85,6,Steel
TV Camas St,85,90,6,Screen-SS
TV CanAda,-2,173,6,Steel
TV Cannon Farms no. 5,0,480,14,Steel
TV Cannon Farms no. 5,400,580,14,Perforations-steel
TV Catalpa Dr,0,45,6,Steel
TV Chicken Dinner Rd,-1.5,59,6,Steel
TV Cool Rd,-1,239,6,Steel
TV Crosthwaite,-1.5,102,8,Steel
TV Crosthwaite,96,103,6,Steel
TV Crosthwaite,103,109,6,Screen-SS
TV Crosthwaite,109,115,6,Steel
TV Duff Lane,-1,60,4,Steel
TV Dunwoody,-2,171,6,Steel
TV Dunwoody,158,173,5,Steel
TV Dunwoody,173,178,5,Screen-SS
TV Dunwoody,178,180,5,Steel
TV E Kuna Rd,-1,19,8,Steel
TV E Kuna Rd,19,215,8,Open
TV Ed Van Grouw,-2,38.5,6.62,Steel
TV Ed Van Grouw,38.5,386,6,Open
TV Elkhorn,-2,205,6,Steel
TV Elmcrest,-1.9,131,8,Steel
TV Fountain Rd,-2,195.5,6,Steel
TV Goodson Rd,-1,145,6,Steel
TV Hollow Rd,-1,377.7,6,Steel
TV Hollow Rd,368.8,386.5,5,Steel
TV Hollow Rd,380,384,5,Screen-SS
TV Hollylynn,-2,448,6,Steel
TV Hollylynn,450,460,5,Screen-SS
TV Homedale Rd,0,220,12,Steel
TV Homedale Rd,131,137,12,Perforations-steel
TV Homedale Rd,195,237,10,Steel
TV Hubbard Rd,-1,96,6,Steel
TV Hwy 95,-1,45,6,Steel
TV IDL House,-2.5,338,8,Steel
TV IDL House,331,332,6,Steel
TV IDL House,332,353,6,Perforations-steel
TV Indiana Ave,-3,118,12,Steel
TV Indiana Ave,118,138,12,Screen-SS
TV Indiana Ave,138,170,12,Steel
TV Indiana Ave,170,190,12,Screen-SS
TV Indiana Ave,190,220,12,Steel
TV Indiana Ave,220,240,12,Screen-SS
TV Indiana Ave,240,245,12,Steel
TV ITD Middleton,0,256,8,Steel
TV ITD Middleton,248,283,6,Steel
TV ITD Middleton,259,271,6,Perforations-steel
TV Kilzer,0,225,6,Steel
TV Lenzi,1.5,68,8,Steel
TV Linder Rd,0,141,16,Steel
TV Linder Rd,64,116,16,Perforations-steel
TV Linder Rd,116,120,16,Steel
TV Linder Rd,116,141,10,Perforations-steel
TV Linder Rd,118,205,10,Steel
TV Lloyd Noe no. 2,-1,21,20,Steel
TV Lloyd Noe no. 2,21,360,20,Open
TV Logan St,-1.5,75.5,8,Steel
TV Lonestar Rd,-2,50,12,Steel
TV Lonestar Rd,50,80,12,Perforations-steel
TV Lonestar Rd,80,95,12,Steel
TV Looney,-1,74,6,Steel
TV Lynwood Rd,0,423,12,Steel
TV Lynwood Rd,415,625,10,Perforations-steel
TV Middleton Rd,-1,164,6,Steel
TV N Blackcat,0,72.25,8,Steel
TV Northside,-1.5,310,6,Steel
TV Northside,310,314,5,Screen-SS
TV Northside,314,319,5,Steel
TV Powerline Rd,-1,19,6.7,Steel
TV Powerline Rd,19,150,9,Open
TV Pump Rd,0,20,10,Steel
TV Pump Rd,0,331,8,Steel
TV Quartz Rd,-1,85,6,Steel
TV Red Top,0,64,12.75,Steel
TV Red Top,64,100,12.75,Perforations-steel
TV Riva Ridge,-2,113,6.7,Steel
TV Riva Ridge,107,113,5.6,Steel
TV Riva Ridge,113,118,5.6,Screen-SS
TV Ross Flowing,-4.25,381,4.5,Steel
TV Roswell,-1,36,6,Steel
TV Sabin Rd,-1.5,39,16,Steel
TV Sabin Rd,39,53,16,Perforations-steel
TV Sabin Rd,53,66.5,16,Perforations-steel
TV Sabin Rd,66.5,90,16,Perforations-steel
TV Sabin Rd,90,114,16,Steel
TV Sage Rd,-1,70,6,Steel
TV Schism School,-2,330,6,Steel
TV Schism School,326,336,5,Steel
TV Schism School,336,346,5,Screen-SS
TV Schism School,346,365,5,Steel
TV Schism School,365,370,5,Screen-SS
TV Shamrock,-1,478,6,Steel
TV Southside Blvd,-2,18,6,Steel
TV Southside Blvd,18,300,8,Open
TV Spurline,-2,60,6,Steel
TV Star Rd 1,-1.8,62,6.7,Steel
TV Star Rd 1,53,60,5.6,Steel
TV Star Rd 1,60,65,5.6,Screen-SS
TV Star Rd 2,0,455,6,Steel
TV Summerall,-1,19,12,Steel
TV Summerall,150,234,12,Perforations-steel
TV Summerall,234,240,12,Steel
TV Sunset,-1,53,6,Steel
TV Sunset,47,52,6,Perforations-steel
TV Texas Rd,-1.5,168,6,Steel
TV Tlucek Nicholson R,-1,21.5,20,Steel
TV Tlucek Nicholson R,0,500,16,Steel
TV Wagner Rd,-2,158,6,Steel
TV Whitney Fire,-1.5,213,8,Steel
TV Whitney Fire,212,280,6,Steel
TV Whitney Fire,213,233,8,Steel
TV Whitney Fire,231.5,242,6,Perforations-steel
TV Whitney Fire,250,260,6,Perforations-steel
TVG Boise GT 1_MRP 1,0,874,12,Steel
TVG Boise GT 1_MRP 1,0,40,16,Steel
TVG Boise GT 1_MRP 1,837,874,8,Steel
TVG Boise GT 1_MRP 1,874,1023,8,Perforations-steel
TVG Boise GT 1_MRP 1,1023,1054,8,Steel
TVG Boise GT 1_MRP 1,1054,1074,8,Perforations-steel
TVG Boise GT 1_MRP 1,1074,1399,8,Steel
TVG Boise GT 1_MRP 1,1399,1561,8,Perforations-steel
TVG Boise GT 1_MRP 1,1561,1647,8,Steel
TVG Boise GT 1_MRP 1,1647,1657,8,Perforations-steel
TVG Boise GT 1_MRP 1,1657,2008,8,Open
TVG Boise GT 2_MRP 2,0,642,12,Steel
TVG Boise GT 2_MRP 2,0,40,16,Steel
TVG Boise GT 2_MRP 2,642,650,14.75,Open
TVG Boise GT 2_MRP 2,650,880,9.88,Open
TVG Boise GT 3_MRP 3,0,40,16,Steel
TVG Boise GT 3_MRP 3,0,653,12,Steel
TVG Boise GT 3_MRP 3,640,680,8,Steel
TVG Boise GT 3_MRP 3,680,840,8,Perforations-steel
TVG Boise GT 3_MRP 3,840,886,8,Steel
TVG Boise GT 3_MRP 3,886,901,8,Perforations-steel
TVG Boise GT 3_MRP 3,901,1050,8,Steel
TVG Boise GT 3_MRP 3,1050,1897,8,Open
TVG Boise GT4_MRP 4,0,40,16,Steel
TVG Boise GT4_MRP 4,0,610,12,Steel
TVG Boise GT4_MRP 4,580,720,8,Steel
TVG Boise GT4_MRP 4,720,800,8,Perforations-steel
TVG Boise GT4_MRP 4,800,850,8,Steel
TVG Boise GT4_MRP 4,850,870,8,Perforations-steel
TVG Boise GT4_MRP 4,870,900,8,Steel
TVG Boise GT4_MRP 4,900,1040,8,Perforations-steel
TVG Boise GT4_MRP 4,1040,1055,8,Steel
TVG Boise GT4_MRP 4,1055,1103,8,Open
TVG Cap Mall CM-1 inj,-0.8,340,10.75,Steel
TVG Cap Mall CM-1 inj,0,118,16.75,Steel
TVG Cap Mall CM-1 inj,0,370,12.75,Steel
TVG Cap Mall CM-1 inj,340,1640,8.6,Steel
TVG Cap Mall CM-1 inj,1750,2152,10,Open
TVG Cap Mall CM-2 pro,0,130,20,Steel
TVG Cap Mall CM-2 pro,0,1260,12,Steel
TVG Cap Mall CM-2 pro,1220,2550,8,Steel
TVG Cap Mall CM-2 pro,1300,2558,8,Perforations-steel
TVHP 1 State St/ID 55,0,76,8,Steel
TVHP 1 State St/ID 55,0,130,2,PVC
TVHP 1 State St/ID 55,0,210,2,PVC
TVHP 1 State St/ID 55,0,270,2,PVC
TVHP 1 State St/ID 55,0,300,2,PVC
TVHP 1 State St/ID 55,130,140,2,Screen-PVC
TVHP 1 State St/ID 55,140,150,2,PVC
TVHP 1 State St/ID 55,150,170,2,Screen-PVC
TVHP 1 State St/ID 55,170,180,2,PVC
TVHP 1 State St/ID 55,210,220,2,Screen-PVC
TVHP 1 State St/ID 55,220,240,2,PVC
TVHP 1 State St/ID 55,240,250,2,Screen-PVC
TVHP 1 State St/ID 55,250,260,2,PVC
TVHP 1 State St/ID 55,270,290,2,Screen-PVC
TVHP 1 State St/ID 55,290,300,2,PVC
TVHP 1 State St/ID 55,300,340,2,Screen-PVC
TVHP 1 State St/ID 55,310,330,2,PVC
TVHP 1 State St/ID 55,330,340,2,Screen-PVC
TVHP 1 State St/ID 55,340,350,2,PVC
TVHP 2 Quarry Vw Pk,-0.76,813,2,Steel
TVHP 2 Quarry Vw Pk,-0.5,45,10,Steel
TVHP 2 Quarry Vw Pk,0,600,2,Steel
TVHP 2 Quarry Vw Pk,1.5,498,8,Steel
TVHP 2 Quarry Vw Pk,600,700,2,Perforations-steel
TVHP 2 Quarry Vw Pk,813,848,2,Perforations-steel
TVHP 3 Caldwell,-2,84,12,Steel
TVHP 3 Caldwell,-2,110,2,PVC
TVHP 3 Caldwell,-2,142,2,PVC
TVHP 3 Caldwell,-2,182,2,PVC
TVHP 3 Caldwell,-2,238,2,PVC
TVHP 3 Caldwell,-2,376,2,PVC
TVHP 3 Caldwell,-2,514,2,PVC
TVHP 3 Caldwell,-2,679,2,PVC
TVHP 3 Caldwell,-2,912,2,PVC
TVHP 3 Caldwell,110,120,2,Screen-PVC
TVHP 3 Caldwell,120,125,2,PVC
TVHP 3 Caldwell,142,152,2,Screen-PVC
TVHP 3 Caldwell,152,157,2,PVC
TVHP 3 Caldwell,182,192,2,Screen-PVC
TVHP 3 Caldwell,192,197,2,PVC
TVHP 3 Caldwell,238,248,2,Screen-PVC
TVHP 3 Caldwell,248,253,2,PVC
TVHP 3 Caldwell,376,396,2,Screen-PVC
TVHP 3 Caldwell,396,401,2,PVC
TVHP 3 Caldwell,516,536,2,Screen-PVC
TVHP 3 Caldwell,536,541,2,PVC
TVHP 3 Caldwell,679,689,2,Screen-PVC
TVHP 3 Caldwell,689,699,2,PVC
TVHP 3 Caldwell,699,709,2,Screen-PVC
TVHP 3 Caldwell,709,714,2,PVC
TVHP 3 Caldwell,912,922,2,Screen-PVC
TVHP 3 Caldwell,922,932,2,PVC
TVHP 3 Caldwell,932,942,2,Screen-PVC
TVHP 3 Caldwell,942,947,2,PVC
TVHP 4 Municipal Pk,0,35,2,PVC
TVHP 4 Municipal Pk,0,35,8,Steel
TVHP 4 Municipal Pk,0,190,2,PVC
TVHP 4 Municipal Pk,0,300,2,PVC
TVHP 4 Municipal Pk,0,450,2,PVC
TVHP 4 Municipal Pk,0,710,2,PVC
TVHP 4 Municipal Pk,35,55,2,Screen-PVC
TVHP 4 Municipal Pk,190,210,2,Screen-PVC
TVHP 4 Municipal Pk,300,320,2,Screen-PVC
TVHP 4 Municipal Pk,450,470,2,Screen-PVC
TVHP 4 Municipal Pk,710,730,2,Screen-PVC
TVM C Meridian MW10/B,-2,42,12,Steel
TVM C Meridian MW10/B,-2,250,2,PVC
TVM C Meridian MW10/B,-2,340,2,PVC
TVM C Meridian MW10/B,-2,500,2,PVC
TVM C Meridian MW10/B,-2,600,2,PVC
TVM C Meridian MW10/B,-2,690,2,PVC
TVM C Meridian MW10/B,-2,780,2,PVC
TVM C Meridian MW10/B,250,270,2,Screen-PVC
TVM C Meridian MW10/B,340,350,2,Screen-PVC
TVM C Meridian MW10/B,350,360,2,PVC
TVM C Meridian MW10/B,360,380,2,Screen-PVC
TVM C Meridian MW10/B,500,520,2,Screen-PVC
TVM C Meridian MW10/B,600,610,2,Screen-PVC
TVM C Meridian MW10/B,610,620,2,PVC
TVM C Meridian MW10/B,620,630,2,Screen-PVC
TVM C Meridian MW10/B,630,640,2,PVC
TVM C Meridian MW10/B,640,650,2,Screen-PVC
TVM C Meridian MW10/B,690,710,2,Screen-PVC
TVM C Meridian MW10/B,710,730,2,PVC
TVM C Meridian MW10/B,730,740,2,Screen-PVC
TVM C Meridian MW10/B,780,800,2,Screen-PVC
TVM C Meridian MW10/B,800,810,2,PVC
TVM C Meridian MW10/B,810,820,2,Screen-PVC
TVM C Meridian MW10/B,820,830,2,PVC
TVM C Meridian MW10/B,830,840,2,Screen-PVC
TVM C Meridian MW10/B,840,850,2,PVC
TVM C Meridian MW10/B,850,860,2,Screen-PVC
TVM C Meridian MW26A,-2,45,8,Steel
TVM C Meridian MW26A,792,872,2,Screen-PVC
TVO Les Bois Soccer,-1.5,471,16,Steel
TVO Les Bois Soccer,-0.5,299,18,Steel
TVO Les Bois Soccer,0,20,10,Steel
TVO Les Bois Soccer,460,475,10,Steel
TVO Les Bois Soccer,475,485.3,10,Screen-SS
TVO Les Bois Soccer,485.3,555,10,Steel
TVO Les Bois Soccer,555,595.7,10,Screen-SS
TVO Les Bois Soccer,595.7,648,10,Steel
TVO Les Bois Soccer,648,658.3,10,Screen-SS
TVO Les Bois Soccer,658.3,700,10,Steel
TVO Les Bois Soccer,700,761,10,Screen-SS
TVO Les Bois Soccer,761,785,10,Steel
TVO Les Bois Soccer,785,805.3,10,Screen-SS
TVO Les Bois Soccer,805.3,825,10,Steel
TVO Les Bois Soccer,825,835.3,10,Screen-SS
TVO Les Bois Soccer,835.3,855,10,Steel
TVO Les Bois Soccer,855,865.3,10,Screen-SS
TVO Les Bois Soccer,865.3,905,10,Steel
TVO Les Bois Soccer,905,915.3,10,Screen-SS
TVO Les Bois Soccer,915.3,960,10,Steel
TVO Les Bois Soccer,960,970.3,10,Screen-SS
TVO Les Bois Soccer,970.3,985.3,10,Steel
TVO M3 TW-1,-3,97,2,PVC
TVO M3 TW-1,-3,353,2,PVC
TVO M3 TW-1,-3,395,2,PVC
TVO M3 TW-1,-3,467,2,PVC
TVO M3 TW-1,-3,514,2,PVC
TVO M3 TW-1,-1,13,8,Steel
TVO M3 TW-1,97,137,2,Perforations-PVC
TVO M3 TW-1,353,383,2,Perforations-PVC
TVO M3 TW-1,395,425,2,Perforations-PVC
TVO M3 TW-1,467,507,2,Perforations-PVC
TVO M3 TW-1,514,556,2,Perforations-PVC
TVO M3 TW-3,-2,80,8,Steel
TVO M3 TW-3,-2,258,2,PVC
TVO M3 TW-3,-2,354,2,PVC
TVO M3 TW-3,-2,370,2,PVC
TVO M3 TW-3,-2,390,2,PVC
TVO M3 TW-3,-2,430,2,PVC
TVO M3 TW-3,238,258,2,Perforations-PVC
TVO M3 TW-3,334,354,2,Perforations-PVC
TVO M3 TW-3,370,380,2,Perforations-PVC
TVO M3 TW-3,390,410,2,Perforations-PVC
TVO M3 TW-3,430,440,2,Perforations-PVC
TVO SW Fisk St,-1,125,20,Steel
TVO SW Fisk St,3,569,18,Steel
TVO SW Fisk St,547.7,568.8,10,Steel
TVO SW Fisk St,568.8,589.1,10,Screen-SS
TVO SW Fisk St,589.1,604.1,10,Steel
TVO SW Fisk St,604.1,625.3,10,Screen-SS
TVO SW Fisk St,625.3,639.3,10,Steel
TVO SW Fisk St,639.3,659.6,10,Screen-SS
TVO SW Fisk St,659.6,704.75,10,Steel
TVO SW Fisk St,704.75,715,10,Screen-SS
TVO SW Fisk St,715,725,10,Steel
TVO SW Goddard 1,0,120,20,Steel
TVO SW Goddard 1,0,760,16,Steel
USACE,0,152,24,Steel
USACE,0,351,16,Steel
USACE,0,703,12,Steel
USACE,0,916,10,Steel
USACE,906,932,6,Screen-SS
V. Anderson,0,32,16,Steel
V. Anderson,0,410,12,Steel
V. Anderson,410,423,12,Perforations-steel
V. Anderson,423,451,12,Steel
V. Anderson,451,525,12,Perforations-steel
V. Anderson,525,600,12,Steel
V. Anderson,600,680,12,Perforations-steel
VA No. 1_inj,-6,140,15.9,Steel
VA No. 1_inj,2,802,11.9,Steel
VA No. 1_inj,780,1100,7.9,Steel
VA No. 1_inj,1100,1500,7.9,Perforations-steel
VA No.3_2nd inj,-7,140,15.9,Steel
VA No.3_2nd inj,-5,1240,10.65,Steel
VA No.3_2nd inj,1180,1240,6.9,Steel
VA No.3_2nd inj,1240,2300,6.9,Perforations-steel
VA pub sply,-2,203,15.9,Steel
VA pub sply,171,428,9.9,Steel
VA pub sply,428,474,10.7,Screen-SS
Vallivue School Dist,-1,265,8,Steel
Vallivue School Dist,71,76,6,Steel
Vallivue School Dist,76,84,8,Screen-SS
Vallivue School Dist,84,89,6,Steel
Vallivue School Dist,262,267,6,Steel
Vallivue School Dist,266,271,8,Screen-SS
Vallivue School Dist,271,280,6,Steel
Vallivue School Dist,280,285,8,Screen-SS
Vallivue School Dist,285,295,6,Steel
Vision First LLC,-2,835,18,Steel
Vision First LLC,848,868,10,Screen-SS
Vision First LLC,868,900,10,Steel
Vision First LLC,900,940,10,Screen-SS
Vision First LLC,940,978,10,Steel
Vision First LLC,978,988,10,Screen-SS
W. Carson,0,632,8,Steel
W. Carson,632,642,8,Perforations-steel
W. Carson,642,652,8,Steel
W. Knipe,-2,131,6,Steel
W. Knipe,131,141,5,Screen-SS
W. Little,-1,243,6,Steel
W. Roberts,-2,292,16,Steel
W. Roberts,292,302,16,Screen-SS
W. Roberts,302,337,16,Steel
W. Roberts,337,347,16,Screen-SS
W. Roberts,347,353,16,Steel
W. Roberts,353,403,16,Screen-SS
W. Roberts,403,416,16,Steel
W. Roberts,416,436,16,Screen-SS
W. Roberts,436,443,16,Steel
W.R. Connolly,-1,29,6,Steel
Walker Homes,-2,120,6,Steel
Walker Homes,20,1280,4.5,PVC
Walker Homes,88,168,4.5,PVC
Walker Homes,160,1280,4.5,Perforations-PVC
Walker Homes,168,248,4.5,Perforations-PVC
Wesley Roberts Farms,-2,369,16,Steel
Wesley Roberts Farms,369,429,16,Screen-SS
Wesley Roberts Farms,429,450,16,Steel
Wesley Roberts Farms,450,470,16,Screen-SS
Wesley Roberts Farms,470,570,16,Steel
Wesley Roberts Farms,570,670,16,Screen-SS
Wesley Roberts Farms,670,677,16,Steel
Westprk-Intermountain,-2,18,6,PVC
Westprk-Intermountain,18,500,5,PVC
Westprk-Intermountain,500,540,5,Screen-PVC
Williams NW Pipeline,-1,50,8,PVC
Williams NW Pipeline,50,500,10,Steel
</WELLCONSTRUCTION>,,,,